patient_id,nodule_id,voxel_x,voxel_y,voxel_z,world_x,world_y,world_z,diameter_mm,prob
1.3.6.1.4.1.14519.5.2.1.6279.6001.149041668385192796520281592139,1,253,256,81,58.0,76.0,-269.5,16.0,0.9999972581863403
1.3.6.1.4.1.14519.5.2.1.6279.6001.149041668385192796520281592139,9,192,180,95,-3.0,0.0,-255.5,16.0,0.9858711361885071
